2020_7_22T11_47,test%20search
2020_7_22T11_48,lingering symtoms
2020_7_22T11_51,stay hydrated
2020_7_23T20_31,consious breathing
2020_7_23T20_35,david icke
2020_8_15T8_57,python reading bytes from file
2020_8_16T18_24,covid damage recovery
2020_8_18T18_6,google.com
2020_8_18T21_46,magnetdl.com
2020_8_22T12_47,cracks in cieling
2020_8_22T12_57,download wiki
2020_8_23T18_40,office space islamabad
2020_8_26T11_24,android wireless debug
2020_8_26T18_8,islamabad vehicle online verification
2020_8_28T11_17,crates.io
2020_8_28T12_55,.
2020_8_30T12_47,covid longhaul
2020_9_30T21_56,python compile native
2020_10_5T18_24,12 rules of life summary
2020_10_6T18_28,davidicke.com
2020_10_11T21_52,www.ptc.com/go/creoparametric
2020_10_12T22_10,youtube.com
2020_10_20T9_1,prius phv for sale
2020_10_20T9_4,illustrated parts breakdown of tesla
2020_10_21T19_52,the forge
2020_11_2T12_4,pale red tongue
